Company,Role,Platform,PostingDate,Deadline,Link,Status,ScamStatus,CoverMessage,DaysLeft,Mode,ScamFlags,Stipend,Duration,Location,Skills
Smaran AI,Full Stack & AI Internship-Co Ordinator,Unstop,2025-10-24,Applied,https://unstop.com/internships/1578352,New,✅ Clean,"Dear Smaran AI HR Team,

I am a 3rd-year Computer Engineering student at FCRIT, Vashi, with a strong interest in Artificial Intelligence and Machine Learning. I have experience in AI/ML projects and practical applications, and I am eager to contribute to Smaran AI as a Full Stack & AI Internship-Co Ordinator intern. I am confident that my skills and enthusiasm will allow me to make a meaningful impact on your team.

Looking forward to the opportunity to discuss how I can contribute.

Best regards,
Siddhen P",Applied,Online,[],,,,
B2World,AI/ML Engineer Internship,Unstop,2025-10-24,Applied,https://unstop.com/internships/1575595,New,✅ Clean,"Dear B2World HR Team,

I am a 3rd-year Computer Engineering student at FCRIT, Vashi, with a strong interest in Artificial Intelligence and Machine Learning. I have experience in AI/ML projects and practical applications, and I am eager to contribute to B2World as a AI/ML Engineer Internship intern. I am confident that my skills and enthusiasm will allow me to make a meaningful impact on your team.

Looking forward to the opportunity to discuss how I can contribute.

Best regards,
Siddhen P",Applied,Online,[],,,,
SmaranAI.in,Junior Agentic AI Developer Internship,Unstop,2025-10-24,Applied,https://unstop.com/internships/1573178,New,✅ Clean,"Dear SmaranAI.in HR Team,

I am a 3rd-year Computer Engineering student at FCRIT, Vashi, with a strong interest in Artificial Intelligence and Machine Learning. I have experience in AI/ML projects and practical applications, and I am eager to contribute to SmaranAI.in as a Junior Agentic AI Developer Internship intern. I am confident that my skills and enthusiasm will allow me to make a meaningful impact on your team.

Looking forward to the opportunity to discuss how I can contribute.

Best regards,
Siddhen P",Applied,Online,[],,,,
Reliance Industries Limited (RIL),RIL - Graduate Engineer Trainee (GET) Program - 2026,Unstop,2025-10-24,Applied,https://unstop.com/internships/1560004,New,✅ Clean,"Dear Reliance Industries Limited (RIL) HR Team,

I am a 3rd-year Computer Engineering student at FCRIT, Vashi, with a strong interest in Artificial Intelligence and Machine Learning. I have experience in AI/ML projects and practical applications, and I am eager to contribute to Reliance Industries Limited (RIL) as a RIL - Graduate Engineer Trainee (GET) Program - 2026 intern. I am confident that my skills and enthusiasm will allow me to make a meaningful impact on your team.

Looking forward to the opportunity to discuss how I can contribute.

Best regards,
Siddhen P",Applied,Online,[],,,,
MentorHive,Machine Learning Internship,Unstop,2025-10-24,Applied,https://unstop.com/internships/1573854,New,✅ Clean,"Dear MentorHive HR Team,

I am a 3rd-year Computer Engineering student at FCRIT, Vashi, with a strong interest in Artificial Intelligence and Machine Learning. I have experience in AI/ML projects and practical applications, and I am eager to contribute to MentorHive as a Machine Learning Internship intern. I am confident that my skills and enthusiasm will allow me to make a meaningful impact on your team.

Looking forward to the opportunity to discuss how I can contribute.

Best regards,
Siddhen P",Applied,Online,[],,,,
Propgrowthx Pvt. Ltd.,Machine Learning Internship,Unstop,2025-10-24,Applied,https://unstop.com/internships/1572449,New,✅ Clean,"Dear Propgrowthx Pvt. Ltd. HR Team,

I am a 3rd-year Computer Engineering student at FCRIT, Vashi, with a strong interest in Artificial Intelligence and Machine Learning. I have experience in AI/ML projects and practical applications, and I am eager to contribute to Propgrowthx Pvt. Ltd. as a Machine Learning Internship intern. I am confident that my skills and enthusiasm will allow me to make a meaningful impact on your team.

Looking forward to the opportunity to discuss how I can contribute.

Best regards,
Siddhen P",Applied,Online,[],,,,
Yugensoft Innovations,Machine Learning Internship,Unstop,2025-10-24,Applied,https://unstop.com/internships/1577012,New,✅ Clean,"Dear Yugensoft Innovations HR Team,

I am a 3rd-year Computer Engineering student at FCRIT, Vashi, with a strong interest in Artificial Intelligence and Machine Learning. I have experience in AI/ML projects and practical applications, and I am eager to contribute to Yugensoft Innovations as a Machine Learning Internship intern. I am confident that my skills and enthusiasm will allow me to make a meaningful impact on your team.

Looking forward to the opportunity to discuss how I can contribute.

Best regards,
Siddhen P",Applied,Online,[],,,,
Springer Capital,Artificial Intelligence and Machine Learning Internship,Unstop,2025-10-24,Applied,https://unstop.com/internships/1574394,New,✅ Clean,"Dear Springer Capital HR Team,

I am a 3rd-year Computer Engineering student at FCRIT, Vashi, with a strong interest in Artificial Intelligence and Machine Learning. I have experience in AI/ML projects and practical applications, and I am eager to contribute to Springer Capital as a Artificial Intelligence and Machine Learning Internship intern. I am confident that my skills and enthusiasm will allow me to make a meaningful impact on your team.

Looking forward to the opportunity to discuss how I can contribute.

Best regards,
Siddhen P",Applied,Online,[],,,,
Internzvalley,Artificial Intelligence & Machine Learning Internship,Unstop,2025-10-24,Applied,https://unstop.com/internships/1578314,New,✅ Clean,"Dear Internzvalley HR Team,

I am a 3rd-year Computer Engineering student at FCRIT, Vashi, with a strong interest in Artificial Intelligence and Machine Learning. I have experience in AI/ML projects and practical applications, and I am eager to contribute to Internzvalley as a Artificial Intelligence & Machine Learning Internship intern. I am confident that my skills and enthusiasm will allow me to make a meaningful impact on your team.

Looking forward to the opportunity to discuss how I can contribute.

Best regards,
Siddhen P",Applied,Online,[],,,,
Sernion,Data Science & Machine Learning Internship,Unstop,2025-10-24,Applied,https://unstop.com/internships/1576728,New,✅ Clean,"Dear Sernion HR Team,

I am a 3rd-year Computer Engineering student at FCRIT, Vashi, with a strong interest in Artificial Intelligence and Machine Learning. I have experience in AI/ML projects and practical applications, and I am eager to contribute to Sernion as a Data Science & Machine Learning Internship intern. I am confident that my skills and enthusiasm will allow me to make a meaningful impact on your team.

Looking forward to the opportunity to discuss how I can contribute.

Best regards,
Siddhen P",Applied,Online,[],,,,
Amdox Tech,Data Science Internship,Unstop,2025-10-24,Applied,https://unstop.com/internships/1573820,New,✅ Clean,"Dear Amdox Tech HR Team,

I am a 3rd-year Computer Engineering student at FCRIT, Vashi, with a strong interest in Artificial Intelligence and Machine Learning. I have experience in AI/ML projects and practical applications, and I am eager to contribute to Amdox Tech as a Data Science Internship intern. I am confident that my skills and enthusiasm will allow me to make a meaningful impact on your team.

Looking forward to the opportunity to discuss how I can contribute.

Best regards,
Siddhen P",Applied,Online,[],,,,
Greenstakes,Design And Brand Documentation,Internshala,2025-10-24,,https://internshala.com/internship/detail/design-and-brand-documentation-internship-in-hyderabad-at-greenstakes1761029456,New,✅ Clean,"Dear Greenstakes HR Team,

I am a 3rd-year Computer Engineering student at FCRIT, Vashi, with a strong interest in Artificial Intelligence and Machine Learning. I have experience in AI/ML projects and practical applications, and I am eager to contribute to Greenstakes as a Design And Brand Documentation intern. I am confident that my skills and enthusiasm will allow me to make a meaningful impact on your team.

Looking forward to the opportunity to discuss how I can contribute.

Best regards,
Siddhen P",,Online,[],"₹ 10,000 - 12,000 /month",3 Months,Hyderabad,"['AutoCAD', 'Adobe Photoshop', 'CorelDRAW', 'Google SketchUp', 'Canva']"
Amara Raja Group,Battery Testing,Internshala,2025-10-24,,https://internshala.com/internship/detail/battery-testing-internship-in-hyderabad-at-amara-raja-group1761213281,New,✅ Clean,"Dear Amara Raja Group HR Team,

I am a 3rd-year Computer Engineering student at FCRIT, Vashi, with a strong interest in Artificial Intelligence and Machine Learning. I have experience in AI/ML projects and practical applications, and I am eager to contribute to Amara Raja Group as a Battery Testing intern. I am confident that my skills and enthusiasm will allow me to make a meaningful impact on your team.

Looking forward to the opportunity to discuss how I can contribute.

Best regards,
Siddhen P",,Online,[],"₹ 15,000 /month",6 Months,Hyderabad,['Battery Management Systems']
Decathlon,Customer Service/Customer Support,Internshala,2025-10-24,,https://internshala.com/internship/detail/customer-service-customer-support-internship-in-gurgaon-at-decathlon1761202286,New,⚠️ Scam Suspected,"Dear Decathlon HR Team,

I am a 3rd-year Computer Engineering student at FCRIT, Vashi, with a strong interest in Artificial Intelligence and Machine Learning. I have experience in AI/ML projects and practical applications, and I am eager to contribute to Decathlon as a Customer Service/Customer Support intern. I am confident that my skills and enthusiasm will allow me to make a meaningful impact on your team.

Looking forward to the opportunity to discuss how I can contribute.

Best regards,
Siddhen P",,Online,"[{'type': 'post', 'subreddit': 'Scams', 'post_title': '[ESP] https://limited-promo.com/tnf-mochila.decathlon.es  - Falled for Decathlon backpack scam', 'text': ""Hi community, this is my first time making a post but I'm worried and could use the advice. (Edit: Per request, I clarify here that it wasn't Decathlon who scammed me but a scammer claiming to have wo"", 'reason': ""Keyword 'scam' found"", 'link': 'https://reddit.com/r/Scams/comments/1jnd4ye/esp_httpslimitedpromocomtnfmochiladecathlones/'}, {'type': 'post', 'subreddit': 'Scams', 'post_title': 'Decathlon Nike Backpack Scam', 'text': 'Sino dito nabiktima ng phishing sa fb ads ng decathlon nike backpack scam? Gamitin ko kasi is rcbc payroll and connected siya sa personal account ko. Kapag ba nacancel ko na subscription sa website ng', 'reason': ""Keyword 'scam' found"", 'link': 'https://reddit.com/r/Scams/comments/1jmfc2q/decathlon_nike_backpack_scam/'}, {'type': 'post', 'subreddit': 'Scams', 'post_title': 'samsung tv winner scam: i’m getting more even from “decathlon” (translation: last notification for y', 'text': '', 'reason': ""Keyword 'scam' found"", 'link': 'https://reddit.com/r/Scams/comments/pqkz2x/samsung_tv_winner_scam_im_getting_more_even_from/'}]","₹ 10,000 - 15,000 /month",2 Months,Gurgaon,"['MS-Office', 'MS-Excel', 'English Proficiency (Spoken)']"
Marpu Foundation,Tech Development (AI-Assisted Coding),Internshala,2025-10-24,,https://internshala.com/internship/detail/work-from-home-part-time-tech-development-ai-assisted-coding-internship-at-marpu-foundation1761134673,New,✅ Clean,"Dear Marpu Foundation HR Team,

I am a 3rd-year Computer Engineering student at FCRIT, Vashi, with a strong interest in Artificial Intelligence and Machine Learning. I have experience in AI/ML projects and practical applications, and I am eager to contribute to Marpu Foundation as a Tech Development (AI-Assisted Coding) intern. I am confident that my skills and enthusiasm will allow me to make a meaningful impact on your team.

Looking forward to the opportunity to discuss how I can contribute.

Best regards,
Siddhen P",,Online,[],"₹ 25,000 /month",1 Month,Remote,"['Computer skills', 'Artificial intelligence']"
Marpu Foundation,IT Support (AI-Integrated Tools),Internshala,2025-10-24,,https://internshala.com/internship/detail/work-from-home-part-time-it-support-ai-integrated-tools-internship-at-marpu-foundation1761134442,New,✅ Clean,"Dear Marpu Foundation HR Team,

I am a 3rd-year Computer Engineering student at FCRIT, Vashi, with a strong interest in Artificial Intelligence and Machine Learning. I have experience in AI/ML projects and practical applications, and I am eager to contribute to Marpu Foundation as a IT Support (AI-Integrated Tools) intern. I am confident that my skills and enthusiasm will allow me to make a meaningful impact on your team.

Looking forward to the opportunity to discuss how I can contribute.

Best regards,
Siddhen P",,Online,[],"₹ 25,000 /month",1 Month,Remote,"['Technical Support', 'Artificial intelligence']"
Marpu Foundation,Supply Chain (AI-Optimized Logistics),Internshala,2025-10-24,,https://internshala.com/internship/detail/work-from-home-part-time-supply-chain-ai-optimized-logistics-internship-at-marpu-foundation1761134039,New,✅ Clean,"Dear Marpu Foundation HR Team,

I am a 3rd-year Computer Engineering student at FCRIT, Vashi, with a strong interest in Artificial Intelligence and Machine Learning. I have experience in AI/ML projects and practical applications, and I am eager to contribute to Marpu Foundation as a Supply Chain (AI-Optimized Logistics) intern. I am confident that my skills and enthusiasm will allow me to make a meaningful impact on your team.

Looking forward to the opportunity to discuss how I can contribute.

Best regards,
Siddhen P",,Online,[],"₹ 25,000 /month",1 Month,Remote,"['Artificial intelligence', 'Logistics Management']"
Marpu Foundation,Machine Learning - Associate,Internshala,2025-10-24,,https://internshala.com/internship/detail/work-from-home-part-time-machine-learning-associate-internship-at-marpu-foundation1761126325,New,✅ Clean,"Dear Marpu Foundation HR Team,

I am a 3rd-year Computer Engineering student at FCRIT, Vashi, with a strong interest in Artificial Intelligence and Machine Learning. I have experience in AI/ML projects and practical applications, and I am eager to contribute to Marpu Foundation as a Machine Learning - Associate intern. I am confident that my skills and enthusiasm will allow me to make a meaningful impact on your team.

Looking forward to the opportunity to discuss how I can contribute.

Best regards,
Siddhen P",,Online,[],"₹ 12,500 - 17,500 /week",1 Week,Remote,['Artificial intelligence']
Marpu Foundation,AI Research (Experimentation With Perplexity & Comet),Internshala,2025-10-24,,https://internshala.com/internship/detail/work-from-home-part-time-ai-research-experimentation-with-perplexity-comet-internship-at-marpu-foundation1761106689,New,✅ Clean,"Dear Marpu Foundation HR Team,

I am a 3rd-year Computer Engineering student at FCRIT, Vashi, with a strong interest in Artificial Intelligence and Machine Learning. I have experience in AI/ML projects and practical applications, and I am eager to contribute to Marpu Foundation as a AI Research (Experimentation With Perplexity & Comet) intern. I am confident that my skills and enthusiasm will allow me to make a meaningful impact on your team.

Looking forward to the opportunity to discuss how I can contribute.

Best regards,
Siddhen P",,Online,[],"₹ 12,500 - 17,500 /week",1 Week,Remote,['Artificial intelligence']
Marpu Foundation,Artificial Intelligence (AI),Internshala,2025-10-24,,https://internshala.com/internship/detail/work-from-home-part-time-artificial-intelligence-ai-internship-at-marpu-foundation1761106360,New,✅ Clean,"Dear Marpu Foundation HR Team,

I am a 3rd-year Computer Engineering student at FCRIT, Vashi, with a strong interest in Artificial Intelligence and Machine Learning. I have experience in AI/ML projects and practical applications, and I am eager to contribute to Marpu Foundation as a Artificial Intelligence (AI) intern. I am confident that my skills and enthusiasm will allow me to make a meaningful impact on your team.

Looking forward to the opportunity to discuss how I can contribute.

Best regards,
Siddhen P",,Online,[],"₹ 22,500 - 25,000 /month",1 Month,Remote,['Artificial intelligence']
Hitachi India Private Limited,Electrical Engineering,Internshala,2025-10-24,,https://internshala.com/internship/detail/electrical-engineering-internship-in-mumbai-at-hitachi-india-private-limited1760337861,New,✅ Clean,"Dear Hitachi India Private Limited HR Team,

I am a 3rd-year Computer Engineering student at FCRIT, Vashi, with a strong interest in Artificial Intelligence and Machine Learning. I have experience in AI/ML projects and practical applications, and I am eager to contribute to Hitachi India Private Limited as a Electrical Engineering intern. I am confident that my skills and enthusiasm will allow me to make a meaningful impact on your team.

Looking forward to the opportunity to discuss how I can contribute.

Best regards,
Siddhen P",,Online,[],"₹ 5,000 - 10,001 /month",6 Months,Mumbai,['Technical Support']
SmaranAI.in,Junior Agentic AI Developer Internship (LangGraph),Unstop,2025-10-24,Applied,https://unstop.com/internships/1578425,New,✅ Clean,"Dear SmaranAI.in HR Team,

I am a 3rd-year Computer Engineering student at FCRIT, Vashi, with a strong interest in Artificial Intelligence and Machine Learning. I have experience in AI/ML projects and practical applications, and I am eager to contribute to SmaranAI.in as a Junior Agentic AI Developer Internship (LangGraph) intern. I am confident that my skills and enthusiasm will allow me to make a meaningful impact on your team.

Looking forward to the opportunity to discuss how I can contribute.

Best regards,
Siddhen P",Applied,Online,[],,,,
Aspirant AI,AI Video & Avatar Creator (Visual Designer),Internshala,2025-10-24,,https://internshala.com/internship/detail/work-from-home-ai-video-avatar-creator-visual-designer-internship-at-aspirantai1761281671,New,✅ Clean,"Dear Aspirant AI HR Team,

I am a 3rd-year Computer Engineering student at FCRIT, Vashi, with a strong interest in Artificial Intelligence and Machine Learning. I have experience in AI/ML projects and practical applications, and I am eager to contribute to Aspirant AI as a AI Video & Avatar Creator (Visual Designer) intern. I am confident that my skills and enthusiasm will allow me to make a meaningful impact on your team.

Looking forward to the opportunity to discuss how I can contribute.

Best regards,
Siddhen P",,Online,[],"₹ 3,000 - 5,000 /month",4 Months,Remote,"['Video Editing', 'Creative Thinking', 'Visual Basic (VB)', 'Video Making', 'Image Editing', 'Visual Design', 'Quality Assurance/Quality Control (QA/QC)']"
Rajlaxmi Solutions Private Limited,Android App Development,Internshala,2025-10-24,,https://internshala.com/internship/detail/android-app-development-internship-in-thane-at-rajlaxmi-solutions-private-limited1761279962,New,✅ Clean,"Dear Rajlaxmi Solutions Private Limited HR Team,

I am a 3rd-year Computer Engineering student at FCRIT, Vashi, with a strong interest in Artificial Intelligence and Machine Learning. I have experience in AI/ML projects and practical applications, and I am eager to contribute to Rajlaxmi Solutions Private Limited as a Android App Development intern. I am confident that my skills and enthusiasm will allow me to make a meaningful impact on your team.

Looking forward to the opportunity to discuss how I can contribute.

Best regards,
Siddhen P",,Online,[],"₹ 3,000 - 8,000 /month",6 Months,Thane,"['MongoDB', 'Flutter', 'REST API', 'Android', 'Integration Testing']"
